B_ALL,598,,B_All,598,,B_All,598,,B_All,598,,B_All,598,updated on 8.20
295,"[2007, 2015]",,332,"[2007, 2015]",,339,"[2007, 2015]",,392,"[2007, 2015]",,448,"[2007, 2015]",
Z,76.2541806,,Z,85.28428094,,Z,72.40802676,,Z,83.94648829,,Z,90.80267559,
N,5.351170569,,N,2.675585284,,N,3.678929766,,N,8.026755853,,N,0,
T,9.698996656,,T,7.357859532,,T,4.682274247,,T,1.003344482,,T,1.003344482,
S,0.334448161,,S,1.003344482,,S,2.006688963,,S,2.508361204,,S,1.672240803,
D,3.177257525,,D,0.334448161,,D,3.846153846,,D,2.508361204,,D,1.505016722,
E,1.505016722,,E,0.668896321,,E,3.177257525,,E,0,,E,0.16722408,
K,1.672240803,,K,0.836120401,,K,4.682274247,,K,1.337792642,,K,3.177257525,
R,0.334448161,,R,0,,R,0.501672241,,R,0.16722408,,R,0,
H,0.501672241,,H,0.16722408,,H,0.668896321,,H,0.334448161,,H,0.16722408,
Y,0.16722408,,Y,0,,Y,1.003344482,,Y,0,,Y,0.16722408,
Q,0,,Q,0,,Q,0.501672241,,Q,0.16722408,,Q,0.836120401,
I,0.668896321,,I,1.505016722,,I,0.668896321,,I,0,,I,0.501672241,
L,0.16722408,,L,0,,L,0,,L,0,,L,0,
V,0.16722408,,V,0.16722408,,V,0.16722408,,V,0,,V,0,
A,0,,A,0,,A,0.16722408,,A,0,,A,0,
C,0,,C,0,,C,0,,C,0,,C,0,
F,0,,F,0,,F,0.16722408,,F,0,,F,0,
G,0,,G,0,,G,1.337792642,,G,0,,G,0,
M,0,,M,0,,M,0.334448161,,M,0,,M,0,
P,0,,P,0,,P,0,,P,0,,P,0,
W,0,,W,0,,W,0,,W,0,,W,0,
n=1,0.16722408,,n=1,0.16722408,,n=1,0.16722408,,n=1,0.16722408,,n=1,0.16722408,
,,,,,,,,,,,,,,
C_ALL,529,,C_All,529,,C_All,529,,C_All,529,,C_All,529,updated on 8.20
295,"[2007, 2015]",,332,"[2007, 2015]",,339,"[2007, 2015]",,392,"[2007, 2015]",,448,"[2007, 2015]",
Z,25.14177694,,Z,76.74858223,,Z,67.29678639,,Z,71.64461248,,Z,78.07183365,
N,1.134215501,,N,8.506616257,,N,4.15879017,,N,15.50094518,,N,0,
T,7.75047259,,T,6.049149338,,T,11.15311909,,T,2.457466919,,T,3.969754253,
S,0.756143667,,S,1.890359168,,S,3.402646503,,S,1.890359168,,S,11.72022684,
D,0,,D,1.134215501,,D,2.079395085,,D,1.512287335,,D,1.701323251,
E,11.15311909,,E,0.945179584,,E,2.457466919,,E,0.189035917,,E,0.56710775,
K,3.024574669,,K,1.512287335,,K,3.213610586,,K,1.890359168,,K,1.701323251,
R,0.945179584,,R,0.378071834,,R,0.756143667,,R,0.56710775,,R,0.189035917,
H,0,,H,0.189035917,,H,1.512287335,,H,1.134215501,,H,0,
Y,0.189035917,,Y,0,,Y,1.323251418,,Y,0.56710775,,Y,0.189035917,
Q,0.378071834,,Q,0.189035917,,Q,0.189035917,,Q,0.189035917,,Q,0.56710775,
I,2.079395085,,I,1.890359168,,I,0.189035917,,I,0.945179584,,I,0.756143667,
L,1.134215501,,L,0.189035917,,L,0.189035917,,L,0.378071834,,L,0,
V,41.96597353,,V,0,,V,0.56710775,,V,0,,V,0,
A,0.189035917,,A,0,,A,0.378071834,,A,0.189035917,,A,0,
C,0,,C,0,,C,0,,C,0,,C,0.189035917,
F,0,,F,0.189035917,,F,0.189035917,,F,0,,F,0,
G,0,,G,0,,G,0.756143667,,G,0.56710775,,G,0.378071834,
M,4.15879017,,M,0,,M,0,,M,0,,M,0,
P,0,,P,0.189035917,,P,0,,P,0.378071834,,P,0,
W,0,,W,0,,W,0.189035917,,W,0,,W,0,
n=1,0.189035917,,n=1,0.189035917,,n=1,0.189035917,,n=1,0.189035917,,n=1,0.189035917,
,,,,,,,,,,,,,,
AE_ALL,301,,CRF01_AE_ALL,301,,CRF01_AE_ALL,301,,CRF01_AE_ALL,301,,CRF01_AE_ALL,301,updated on 8.29
295,"[2007, 2015]",,332,"[2007, 2015]",,339,"[2007, 2015]",,392,"[2007, 2015]",,448,"[2007, 2015]",
Z,82.39202658,,Z,1.993355482,,Z,53.15614618,,Z,78.40531561,,Z,96.34551495,
N,2.657807309,,N,0.664451827,,N,11.29568106,,N,13.28903654,,N,0,
T,2.325581395,,T,2.990033223,,T,0.996677741,,T,2.325581395,,T,0.664451827,
S,7.3089701,,S,0,,S,3.65448505,,S,1.328903654,,S,0.332225914,
D,1.328903654,,D,0,,D,2.325581395,,D,2.990033223,,D,1.328903654,
E,0,,E,66.44518272,,E,0.664451827,,E,0,,E,0.332225914,
K,2.990033223,,K,13.62126246,,K,6.976744186,,K,0.664451827,,K,0.664451827,
R,0,,R,0.996677741,,R,1.328903654,,R,0,,R,0,
H,0.664451827,,H,0,,H,0.332225914,,H,0.332225914,,H,0,
Y,0,,Y,0,,Y,6.976744186,,Y,0,,Y,0,
Q,0,,Q,7.3089701,,Q,0.332225914,,Q,0.332225914,,Q,0,
I,0.332225914,,I,0,,I,0.332225914,,I,0.332225914,,I,0.332225914,
L,0,,L,0.996677741,,L,0,,L,0,,L,0,
V,0,,V,2.657807309,,V,0.664451827,,V,0,,V,0,
A,0,,A,0.332225914,,A,0,,A,0,,A,0,
C,0,,C,0,,C,0,,C,0,,C,0,
F,0,,F,0,,F,9.966777409,,F,0,,F,0,
G,0,,G,0.996677741,,G,0.996677741,,G,0,,G,0,
M,0,,M,0.664451827,,M,0,,M,0,,M,0,
P,0,,P,0,,P,0,,P,0,,P,0,
W,0,,W,0.332225914,,W,0,,W,0,,W,0,
n=1,0.332225914,,n=1,0.332225914,,n=1,0.332225914,,n=1,0.332225914,,n=1,0.332225914,
,,,,,,,,,,,,,,
A1_ALL,129,,A1_All,129,,A1_All,129,,A1_All,129,,A1_All,129,Updated on 8.22.18
295,"[2006, 2015]",,332,"[2006, 2015]",,339,"[2006, 2015]",,392,"[2006, 2015]",,448,"[2006, 2015]",
Z,66.66666667,,Z,62.01550388,,Z,53.48837209,,Z,77.51937984,,Z,89.14728682,
N,1.550387597,,N,2.325581395,,N,20.93023256,,N,13.17829457,,N,0,
T,21.70542636,,T,16.27906977,,T,1.550387597,,T,1.550387597,,T,3.875968992,
S,0.775193798,,S,0.775193798,,S,0.775193798,,S,1.550387597,,S,3.100775194,
D,3.100775194,,D,0,,D,3.875968992,,D,3.100775194,,D,3.875968992,
E,1.550387597,,E,10.07751938,,E,2.325581395,,E,0,,E,0,
K,1.550387597,,K,2.325581395,,K,8.527131783,,K,2.325581395,,K,0,
R,0.775193798,,R,0,,R,0.775193798,,R,0,,R,0,
H,0,,H,0,,H,2.325581395,,H,0,,H,0,
Y,0.775193798,,Y,0,,Y,0.775193798,,Y,0,,Y,0,
Q,0,,Q,0.775193798,,Q,0,,Q,0,,Q,0,
I,1.550387597,,I,3.100775194,,I,2.325581395,,I,0,,I,0,
L,0,,L,0.775193798,,L,0,,L,0,,L,0,
V,0,,V,0.775193798,,V,0,,V,0,,V,0,
A,0,,A,0,,A,0,,A,0,,A,0,
C,0,,C,0,,C,0,,C,0,,C,0,
F,0,,F,0.775193798,,F,0.775193798,,F,0,,F,0,
G,0,,G,0,,G,0.775193798,,G,0,,G,0,
M,0,,M,0,,M,0.775193798,,M,0.775193798,,M,0,
P,0,,P,0,,P,0,,P,0,,P,0,
W,0,,W,0,,W,0,,W,0,,W,0,
n=1,0.775193798,,n=1,0.775193798,,n=1,0.775193798,,n=1,0.775193798,,n=1,0.775193798,
,,,,,,,,,,,,,,
B_NA,303,,B_NA,303,,B_NA,303,,B_NA,303,,B_NA,303,"updated on 8.20 (B_NA: CA,CARR_CAT,CU,DO,HT,JM,TT,US,US CAT,US ICUW )"
295,"[2007, 2015]",,332,"[2007, 2015]",,339,"[2007, 2015]",,392,"[2007, 2015]",,448,"[2007, 2015]",
Z,74.91749175,,Z,85.47854785,,Z,73.59735974,,Z,83.49834983,,Z,91.41914191,
N,6.600660066,,N,1.98019802,,N,3.630363036,,N,8.250825083,,N,0,
T,11.88118812,,T,8.250825083,,T,4.95049505,,T,0.99009901,,T,0.99009901,
S,0.330033003,,S,0.99009901,,S,1.98019802,,S,1.650165017,,S,2.310231023,
D,1.98019802,,D,0,,D,2.97029703,,D,2.640264026,,D,1.98019802,
E,0.330033003,,E,1.320132013,,E,2.97029703,,E,0,,E,0.330033003,
K,1.98019802,,K,0,,K,5.610561056,,K,1.98019802,,K,2.310231023,
R,0.330033003,,R,0,,R,0.99009901,,R,0.330033003,,R,0,
H,0.330033003,,H,0,,H,0.660066007,,H,0.330033003,,H,0,
Y,0.330033003,,Y,0,,Y,0.99009901,,Y,0,,Y,0,
Q,0,,Q,0,,Q,0,,Q,0.330033003,,Q,0.330033003,
I,0.99009901,,I,1.98019802,,I,0.330033003,,I,0,,I,0.330033003,
L,0,,L,0,,L,0,,L,0,,L,0,
V,0,,V,0,,V,0,,V,0,,V,0,
A,0,,A,0,,A,0.330033003,,A,0,,A,0,
C,0,,C,0,,C,0,,C,0,,C,0,
F,0,,F,0,,F,0,,F,0,,F,0,
G,0,,G,0,,G,0.99009901,,G,0,,G,0,
M,0,,M,0,,M,0,,M,0,,M,0,
P,0,,P,0,,P,0,,P,0,,P,0,
W,0,,W,0,,W,0,,W,0,,W,0,
n=1,0.330033003,,n=1,0.330033003,,n=1,0.330033003,,n=1,0.330033003,,n=1,0.330033003,
,,,,,,,,,,,,,,
B_EU,164,,B_Eur,164,,B_Eur,164,,B_Eur,164,,B_Eur,164,"updated on 8.20 (B_Eur : CH,CY,DE,DK,ES,FR,GB,IT,NL,SE)"
295,"[2007, 2015]",,332,"[2007, 2015]",,339,"[2007, 2015]",,392,"[2007, 2015]",,448,"[2007, 2015]",
Z,76.2195122,,Z,84.75609756,,Z,71.34146341,,Z,84.75609756,,Z,93.29268293,
N,5.487804878,,N,3.658536585,,N,4.87804878,,N,7.926829268,,N,0,
T,9.146341463,,T,8.536585366,,T,4.87804878,,T,0.609756098,,T,1.219512195,
S,0.609756098,,S,0.609756098,,S,2.43902439,,S,3.048780488,,S,1.219512195,
D,3.658536585,,D,0.609756098,,D,3.658536585,,D,2.43902439,,D,0.609756098,
E,0.609756098,,E,0,,E,3.048780488,,E,0,,E,0,
K,1.829268293,,K,0.609756098,,K,4.268292683,,K,0.609756098,,K,1.219512195,
R,0,,R,0,,R,0,,R,0,,R,0,
H,1.219512195,,H,0,,H,0,,H,0.609756098,,H,0,
Y,0,,Y,0,,Y,1.829268293,,Y,0,,Y,0,
Q,0,,Q,0,,Q,0,,Q,0,,Q,1.829268293,
I,0.609756098,,I,1.219512195,,I,1.219512195,,I,0,,I,0.609756098,
L,0.609756098,,L,0,,L,0,,L,0,,L,0,
V,0,,V,0,,V,0.609756098,,V,0,,V,0,
A,0,,A,0,,A,0,,A,0,,A,0,
C,0,,C,0,,C,0,,C,0,,C,0,
F,0,,F,0,,F,0.609756098,,F,0,,F,0,
G,0,,G,0,,G,0.609756098,,G,0,,G,0,
M,0,,M,0,,M,0.609756098,,M,0,,M,0,
P,0,,P,0,,P,0,,P,0,,P,0,
W,0,,W,0,,W,0,,W,0,,W,0,
n=1,0.609756098,,n=1,0.609756098,,n=1,0.609756098,,n=1,0.609756098,,n=1,0.609756098,
,,,,,,,,,,,,,,
B_ASIA,130,,B_Asia,130,,B_Asia,130,,B_Asia,130,,B_Asia,130,"updated on 8.20 (B_Asia: CN,CN CAT, HK, IN, JP, KR, MM, PH, SG, TH, TH CAT, TW)"
295,"[2007, 2015]",,332,"[2007, 2015]",,339,"[2007, 2015]",,392,"[2007, 2015]",,448,"[2007, 2015]",
Z,79.23076923,,Z,85.38461538,,Z,71.53846154,,Z,83.84615385,,Z,86.15384615,
N,2.307692308,,N,3.076923077,,N,2.307692308,,N,7.692307692,,N,0,
T,5.384615385,,T,3.846153846,,T,3.846153846,,T,1.538461538,,T,0.769230769,
S,0,,S,1.538461538,,S,1.538461538,,S,3.846153846,,S,0.769230769,
D,5.384615385,,D,0.769230769,,D,6.153846154,,D,2.307692308,,D,1.538461538,
E,5.384615385,,E,0,,E,3.846153846,,E,0,,E,0,
K,0.769230769,,K,3.076923077,,K,3.076923077,,K,0.769230769,,K,7.692307692,
R,0.769230769,,R,0,,R,0,,R,0,,R,0,
H,0,,H,0.769230769,,H,1.538461538,,H,0,,H,0.769230769,
Y,0,,Y,0,,Y,0,,Y,0,,Y,0.769230769,
Q,0,,Q,0,,Q,2.307692308,,Q,0,,Q,0.769230769,
I,0,,I,0.769230769,,I,0.769230769,,I,0,,I,0.769230769,
L,0,,L,0,,L,0,,L,0,,L,0,
V,0.769230769,,V,0.769230769,,V,0,,V,0,,V,0,
A,0,,A,0,,A,0,,A,0,,A,0,
C,0,,C,0,,C,0,,C,0,,C,0,
F,0,,F,0,,F,0,,F,0,,F,0,
G,0,,G,0,,G,2.307692308,,G,0,,G,0,
M,0,,M,0,,M,0.769230769,,M,0,,M,0,
P,0,,P,0,,P,0,,P,0,,P,0,
W,0,,W,0,,W,0,,W,0,,W,0,
n=1,0.769230769,,n=1,0.769230769,,n=1,0.769230769,,n=1,0.769230769,,n=1,0.769230769,
,,,,,,,,,,,,,,
B_KR,101,,B_KR,101,,B_KR,101,,B_KR,101,,B_KR,101,Updated on 8.20.18 ( Year:2005 - 2015)
295,"[2005, 2015]",,332,"[2005, 2015]",,339,"[2005, 2015]",,392,"[2005, 2015]",,448,"[2005, 2015]",
Z,88.11881188,,Z,97.02970297,,Z,74.25742574,,Z,92.07920792,,Z,94.05940594,
N,0.99009901,,N,0,,N,0,,N,3.96039604,,N,0.99009901,
T,4.95049505,,T,1.98019802,,T,2.97029703,,T,0,,T,0.99009901,
S,0.99009901,,S,0,,S,0,,S,0.99009901,,S,0,
D,3.96039604,,D,0,,D,7.920792079,,D,0.99009901,,D,0,
E,0,,E,0,,E,6.930693069,,E,0,,E,0,
K,0,,K,0,,K,4.95049505,,K,0.99009901,,K,1.98019802,
R,0,,R,0,,R,0,,R,0,,R,0.99009901,
H,0,,H,0.99009901,,H,0,,H,0,,H,0,
Y,0,,Y,0,,Y,1.98019802,,Y,0.99009901,,Y,0.99009901,
Q,0,,Q,0,,Q,0,,Q,0,,Q,0,
I,0.99009901,,I,0,,I,0,,I,0,,I,0,
L,0,,L,0,,L,0,,L,0,,L,0,
V,0,,V,0,,V,0,,V,0,,V,0,
A,0,,A,0,,A,0,,A,0,,A,0,
C,0,,C,0,,C,0,,C,0,,C,0,
F,0,,F,0,,F,0,,F,0,,F,0,
G,0,,G,0,,G,0,,G,0,,G,0,
M,0,,M,0,,M,0.99009901,,M,0,,M,0,
P,0,,P,0,,P,0,,P,0,,P,0,
W,0,,W,0,,W,0,,W,0,,W,0,
n=1,0.99009901,,n=1,0.99009901,,n=1,0.99009901,,n=1,0.99009901,,n=1,0.99009901,
,,,,,,,,,,,,,,
C_ASIA,59,,C_Asia,59,,C_Asia,59,,C_Asia,59,,C_Asia,59,"updated on 8.20 (C_Asia: CN, IN, NP)"
295,"[2007, 2015]",,332,"[2007, 2015]",,339,"[2007, 2015]",,392,"[2007, 2015]",,448,"[2007, 2015]",
Z,8.474576271,,Z,81.3559322,,Z,67.79661017,,Z,89.83050847,,Z,86.44067797,
N,0,,N,5.084745763,,N,0,,N,1.694915254,,N,0,
T,10.16949153,,T,5.084745763,,T,13.55932203,,T,0,,T,0,
S,0,,S,0,,S,0,,S,1.694915254,,S,3.389830508,
D,0,,D,1.694915254,,D,0,,D,0,,D,3.389830508,
E,10.16949153,,E,0,,E,1.694915254,,E,0,,E,0,
K,1.694915254,,K,3.389830508,,K,6.779661017,,K,3.389830508,,K,6.779661017,
R,0,,R,0,,R,0,,R,0,,R,0,
H,0,,H,0,,H,6.779661017,,H,0,,H,0,
Y,0,,Y,0,,Y,0,,Y,0,,Y,0,
Q,0,,Q,0,,Q,0,,Q,0,,Q,0,
I,1.694915254,,I,1.694915254,,I,0,,I,3.389830508,,I,0,
L,1.694915254,,L,0,,L,0,,L,0,,L,0,
V,61.01694915,,V,0,,V,1.694915254,,V,0,,V,0,
A,0,,A,0,,A,1.694915254,,A,0,,A,0,
C,0,,C,0,,C,0,,C,0,,C,0,
F,0,,F,0,,F,0,,F,0,,F,0,
G,0,,G,0,,G,0,,G,0,,G,0,
M,5.084745763,,M,0,,M,0,,M,0,,M,0,
P,0,,P,1.694915254,,P,0,,P,0,,P,0,
W,0,,W,0,,W,0,,W,0,,W,0,
n=1,1.694915254,,n=1,1.694915254,,n=1,1.694915254,,n=1,1.694915254,,n=1,1.694915254,
,,,,,,,,,,,,,,
C_ECA,119,,C_ECA,119,,C_ECA,119,,C_ECA,119,,C_ECA,119,"updated on 8.20 (C_ECA: DJ, BI, ET, UG, KE, TZ, SO, MW, ZM)"
295,"[2007, 2015]",,332,"[2007, 2015]",,339,"[2007, 2015]",,392,"[2007, 2015]",,448,"[2007, 2015]",
Z,17.64705882,,Z,75.6302521,,Z,68.90756303,,Z,71.42857143,,Z,74.78991597,
N,3.361344538,,N,8.403361345,,N,5.882352941,,N,15.96638655,,N,0,
T,5.042016807,,T,6.722689076,,T,8.403361345,,T,2.521008403,,T,4.201680672,
S,1.680672269,,S,4.201680672,,S,4.201680672,,S,0.840336134,,S,13.44537815,
D,0,,D,0.840336134,,D,2.521008403,,D,0.840336134,,D,3.361344538,
E,13.44537815,,E,1.680672269,,E,2.521008403,,E,0,,E,0,
K,6.722689076,,K,0.840336134,,K,5.042016807,,K,3.361344538,,K,1.680672269,
R,1.680672269,,R,0,,R,0,,R,0.840336134,,R,0,
H,0,,H,0,,H,0.840336134,,H,0.840336134,,H,0,
Y,0.840336134,,Y,0,,Y,0.840336134,,Y,0,,Y,0,
Q,0.840336134,,Q,0,,Q,0,,Q,0.840336134,,Q,0.840336134,
I,1.680672269,,I,1.680672269,,I,0,,I,1.680672269,,I,0.840336134,
L,0.840336134,,L,0,,L,0,,L,0,,L,0,
V,42.01680672,,V,0,,V,0,,V,0,,V,0,
A,0.840336134,,A,0,,A,0,,A,0.840336134,,A,0,
C,0,,C,0,,C,0,,C,0,,C,0,
F,0,,F,0,,F,0.840336134,,F,0,,F,0,
G,0,,G,0,,G,0,,G,0,,G,0.840336134,
M,3.361344538,,M,0,,M,0,,M,0,,M,0,
P,0,,P,0,,P,0,,P,0,,P,0,
W,0,,W,0,,W,0,,W,0,,W,0,
n=1,0.840336134,,n=1,0.840336134,,n=1,0.840336134,,n=1,0.840336134,,n=1,0.840336134,
,,,,,,,,,,,,,,
C_EU,101,,C_Eur,101,,C_Eur,101,,C_Eur,101,,C_Eur,101,"Updated on 8.20.18 (Year: 2005 - 2015)(C_Eur: BE,CH,CY,DE,DK,ES,FI,FR,GB,IT,NL,PT,SE)"
295,"[2005, 2015]",,332,"[2005, 2015]",,339,"[2005, 2015]",,392,"[2005, 2015]",,448,"[2005, 2015]",
Z,34.65346535,,Z,79.20792079,,Z,62.37623762,,Z,60.3960396,,Z,78.21782178,
N,0.99009901,,N,4.95049505,,N,3.96039604,,N,25.74257426,,N,0,
T,10.89108911,,T,6.930693069,,T,16.83168317,,T,3.96039604,,T,7.920792079,
S,0.99009901,,S,0.99009901,,S,2.97029703,,S,0.99009901,,S,7.920792079,
D,0,,D,0,,D,1.98019802,,D,3.96039604,,D,0,
E,5.940594059,,E,1.98019802,,E,0.99009901,,E,0,,E,0.99009901,
K,1.98019802,,K,0.99009901,,K,2.97029703,,K,0.99009901,,K,0.99009901,
R,0,,R,0.99009901,,R,1.98019802,,R,1.98019802,,R,0,
H,0,,H,0.99009901,,H,0.99009901,,H,0.99009901,,H,0,
Y,0,,Y,0,,Y,0.99009901,,Y,0,,Y,0.99009901,
Q,0,,Q,0,,Q,0.99009901,,Q,0,,Q,0,
I,1.98019802,,I,1.98019802,,I,0,,I,0.99009901,,I,0.99009901,
L,1.98019802,,L,0,,L,0,,L,0,,L,0,
V,34.65346535,,V,0,,V,1.98019802,,V,0,,V,0,
A,0,,A,0,,A,0.99009901,,A,0,,A,0,
C,0,,C,0,,C,0,,C,0,,C,0.99009901,
F,0,,F,0.99009901,,F,0,,F,0,,F,0,
G,0,,G,0,,G,0,,G,0,,G,0.99009901,
M,5.940594059,,M,0,,M,0,,M,0,,M,0,
P,0,,P,0,,P,0,,P,0,,P,0,
W,0,,W,0,,W,0,,W,0,,W,0,
n=1,0.99009901,,n=1,0.99009901,,n=1,0.99009901,,n=1,0.99009901,,n=1,0.99009901,
,,,,,,,,,,,,,,
C_SA,239,,C_SA,239,,C_SA,239,,C_SA,239,,C_SA,239,"Updated on 8.20.18 (C_SA :ZA,BW)"
295,"[2007, 2015]",,332,"[2007, 2015]",,339,"[2007, 2015]",,392,"[2007, 2015]",,448,"[2007, 2015]",
Z,23.43096234,,Z,75.73221757,,Z,68.61924686,,Z,74.05857741,,Z,76.56903766,
N,0.418410042,,N,10.46025105,,N,4.184100418,,N,12.55230126,,N,0,
T,7.531380753,,T,5.439330544,,T,10.46025105,,T,1.673640167,,T,3.347280335,
S,0.418410042,,S,2.092050209,,S,4.60251046,,S,3.347280335,,S,14.64435146,
D,0,,D,1.255230126,,D,2.510460251,,D,1.673640167,,D,1.255230126,
E,12.9707113,,E,0.418410042,,E,1.673640167,,E,0.418410042,,E,0.836820084,
K,1.255230126,,K,1.673640167,,K,1.673640167,,K,1.255230126,,K,1.255230126,
R,1.255230126,,R,0.418410042,,R,0.836820084,,R,0,,R,0.418410042,
H,0,,H,0.418410042,,H,1.255230126,,H,1.255230126,,H,0,
Y,0,,Y,0,,Y,1.673640167,,Y,1.255230126,,Y,0,
Q,0.418410042,,Q,0.418410042,,Q,0.418410042,,Q,0,,Q,0.836820084,
I,2.510460251,,I,1.255230126,,I,0.418410042,,I,0,,I,0.836820084,
L,0.836820084,,L,0.418410042,,L,0,,L,0.836820084,,L,0,
V,44.76987448,,V,0,,V,0,,V,0,,V,0,
A,0,,A,0,,A,0,,A,0,,A,0,
C,0,,C,0,,C,0,,C,0,,C,0,
F,0,,F,0,,F,0,,F,0,,F,0,
G,0,,G,0,,G,1.255230126,,G,0.836820084,,G,0,
M,4.184100418,,M,0,,M,0,,M,0,,M,0,
P,0,,P,0,,P,0,,P,0.836820084,,P,0,
W,0,,W,0,,W,0.418410042,,W,0,,W,0,
n=1,0.418410042,,n=1,0.418410042,,n=1,0.418410042,,n=1,0.418410042,,n=1,0.418410042,
,,,,,,,,,,,,,,
C_IN&NP,48,,C_IN/NP,48,,C_IN/NP,48,,C_IN/NP,48,,C_IN/NP,48,Updated on 8.20.18
295,"[2007, 2015]",,332,"[2007, 2015]",,339,"[2007, 2015]",,392,"[2007, 2015]",,448,"[2007, 2015]",
Z,10.41666667,,Z,81.25,,Z,68.75,,Z,87.5,,Z,89.58333333,
N,0,,N,4.166666667,,N,0,,N,2.083333333,,N,0,
T,10.41666667,,T,6.25,,T,14.58333333,,T,0,,T,0,
S,0,,S,0,,S,0,,S,2.083333333,,S,2.083333333,
D,0,,D,2.083333333,,D,0,,D,0,,D,2.083333333,
E,12.5,,E,0,,E,0,,E,0,,E,0,
K,2.083333333,,K,4.166666667,,K,6.25,,K,4.166666667,,K,6.25,
R,0,,R,0,,R,0,,R,0,,R,0,
H,0,,H,0,,H,8.333333333,,H,0,,H,0,
Y,0,,Y,0,,Y,0,,Y,0,,Y,0,
Q,0,,Q,0,,Q,0,,Q,0,,Q,0,
I,0,,I,0,,I,0,,I,4.166666667,,I,0,
L,2.083333333,,L,0,,L,0,,L,0,,L,0,
V,56.25,,V,0,,V,0,,V,0,,V,0,
A,0,,A,0,,A,2.083333333,,A,0,,A,0,
C,0,,C,0,,C,0,,C,0,,C,0,
F,0,,F,0,,F,0,,F,0,,F,0,
G,0,,G,0,,G,0,,G,0,,G,0,
M,6.25,,M,0,,M,0,,M,0,,M,0,
P,0,,P,2.083333333,,P,0,,P,0,,P,0,
W,0,,W,0,,W,0,,W,0,,W,0,
n=1,2.083333333,,n=1,2.083333333,,n=1,2.083333333,,n=1,2.083333333,,n=1,2.083333333,
,,,,,,,,,,,,,,
C_BRAZIL,25,,C_Brazil,25,,C_Brazil,25,,C_Brazil,25,,C_Brazil,25,Updated on 8.20.18
295,"[2007, 2015]",,332,"[2007, 2015]",,339,"[2007, 2015]",,392,"[2007, 2015]",,448,"[2007, 2015]",
Z,88,,Z,80,,Z,64,,Z,60,,Z,88,
N,0,,N,8,,N,4,,N,28,,N,0,
T,4,,T,8,,T,0,,T,8,,T,0,
S,0,,S,0,,S,0,,S,0,,S,12,
D,0,,D,0,,D,0,,D,0,,D,0,
E,0,,E,0,,E,16,,E,0,,E,0,
K,4,,K,0,,K,0,,K,0,,K,0,
R,0,,R,0,,R,0,,R,0,,R,0,
H,0,,H,0,,H,0,,H,0,,H,0,
Y,0,,Y,0,,Y,8,,Y,0,,Y,0,
Q,0,,Q,0,,Q,0,,Q,0,,Q,0,
I,4,,I,4,,I,0,,I,0,,I,0,
L,0,,L,0,,L,4,,L,0,,L,0,
V,0,,V,0,,V,0,,V,0,,V,0,
A,0,,A,0,,A,0,,A,0,,A,0,
C,0,,C,0,,C,0,,C,0,,C,0,
F,0,,F,0,,F,0,,F,0,,F,0,
G,0,,G,0,,G,4,,G,4,,G,0,
M,0,,M,0,,M,0,,M,0,,M,0,
P,0,,P,0,,P,0,,P,0,,P,0,
W,0,,W,0,,W,0,,W,0,,W,0,
n=1,4,,n=1,4,,n=1,4,,n=1,4,,n=1,4,
,,,,,,,,,,,,,,
AE_CN,156,,CRF01_AE_CN         157,156,,CRF01_AE_CN         157,156,,CRF01_AE_CN         157,156,,CRF01_AE_CN         157,156,Updated on 8.29.18
295,"[2007, 2015]",,332,"[2007, 2015]",,339,"[2007, 2015]",,392,"[2007, 2015]",,448,"[2007, 2015]",
Z,85.8974359,,Z,1.282051282,,Z,54.48717949,,Z,84.61538462,,Z,97.43589744,
N,2.564102564,,N,0.641025641,,N,8.974358974,,N,9.615384615,,N,0,
T,1.923076923,,T,3.205128205,,T,0.641025641,,T,1.923076923,,T,0.641025641,
S,6.41025641,,S,0,,S,4.487179487,,S,1.282051282,,S,0,
D,1.282051282,,D,0,,D,1.923076923,,D,0.641025641,,D,0.641025641,
E,0,,E,69.87179487,,E,0,,E,0,,E,0,
K,1.923076923,,K,13.46153846,,K,3.205128205,,K,1.282051282,,K,0.641025641,
R,0,,R,1.282051282,,R,0.641025641,,R,0,,R,0,
H,0,,H,0,,H,0,,H,0,,H,0,
Y,0,,Y,0,,Y,4.487179487,,Y,0,,Y,0,
Q,0,,Q,6.41025641,,Q,0,,Q,0,,Q,0,
I,0,,I,0,,I,0.641025641,,I,0.641025641,,I,0.641025641,
L,0,,L,0.641025641,,L,0,,L,0,,L,0,
V,0,,V,1.282051282,,V,1.282051282,,V,0,,V,0,
A,0,,A,0,,A,0,,A,0,,A,0,
C,0,,C,0,,C,0,,C,0,,C,0,
F,0,,F,0,,F,17.94871795,,F,0,,F,0,
G,0,,G,1.282051282,,G,1.282051282,,G,0,,G,0,
M,0,,M,0.641025641,,M,0,,M,0,,M,0,
P,0,,P,0,,P,0,,P,0,,P,0,
W,0,,W,0,,W,0,,W,0,,W,0,
n=1,0.641025641,,n=1,0.641025641,,n=1,0.641025641,,n=1,0.641025641,,n=1,0.641025641,
,,,,,,,,,,,,,,
AE_TH,114,,CRF01_AE_TH         118,114,,CRF01_AE_TH         118,114,,CRF01_AE_TH         118,114,,CRF01_AE_TH         118,114,Updated on 8.29.18
295,"[2007, 2015]",,332,"[2007, 2015]",,339,"[2007, 2015]",,392,"[2007, 2015]",,448,"[2007, 2015]",
Z,77.19298246,,Z,3.50877193,,Z,50.87719298,,Z,70.1754386,,Z,97.36842105,
N,3.50877193,,N,0.877192982,,N,14.9122807,,N,18.42105263,,N,0,
T,2.631578947,,T,3.50877193,,T,1.754385965,,T,2.631578947,,T,0,
S,7.894736842,,S,0,,S,3.50877193,,S,1.754385965,,S,0,
D,1.754385965,,D,0,,D,3.50877193,,D,5.263157895,,D,1.754385965,
E,0,,E,60.52631579,,E,1.754385965,,E,0,,E,0.877192982,
K,4.385964912,,K,14.9122807,,K,8.771929825,,K,0,,K,0,
R,0,,R,0.877192982,,R,2.631578947,,R,0,,R,0,
H,1.754385965,,H,0,,H,0.877192982,,H,0.877192982,,H,0,
Y,0,,Y,0,,Y,8.771929825,,Y,0,,Y,0,
Q,0,,Q,7.894736842,,Q,0.877192982,,Q,0.877192982,,Q,0,
I,0.877192982,,I,0,,I,0,,I,0,,I,0,
L,0,,L,0.877192982,,L,0,,L,0,,L,0,
V,0,,V,4.385964912,,V,0,,V,0,,V,0,
A,0,,A,0.877192982,,A,0,,A,0,,A,0,
C,0,,C,0,,C,0,,C,0,,C,0,
F,0,,F,0,,F,1.754385965,,F,0,,F,0,
G,0,,G,0,,G,0,,G,0,,G,0,
M,0,,M,0.877192982,,M,0,,M,0,,M,0,
P,0,,P,0,,P,0,,P,0,,P,0,
W,0,,W,0.877192982,,W,0,,W,0,,W,0,
n=1,0.877192982,,n=1,0.877192982,,n=1,0.877192982,,n=1,0.877192982,,n=1,0.877192982,
