392,"[1980, 1994]","[1995, 1999]","[2000, 2004]","[2005, 2016]"
num_isolates,57,104,266,101
Z,92.98245614,85.57692308,89.09774436,92.07920792
N,1.754385965,5.769230769,5.263157895,3.96039604
T,1.754385965,1.923076923,0.37593985,0
S,0,1.923076923,1.879699248,0.99009901
D,0,0.961538462,1.503759398,0.99009901
E,0,0,0,0
K,0,1.923076923,1.127819549,0.99009901
R,0,0,0,0
H,0,0.961538462,0.37593985,0
Y,0,0,0,0.99009901
Q,0,0.961538462,0,0
I,0,0,0.37593985,0
L,0,0,0,0
V,0,0,0,0
A,3.50877193,0,0,0
C,0,0,0,0
F,0,0,0,0
G,0,0,0,0
M,0,0,0,0
P,0,0,0,0
W,0,0,0,0
