448,"[1986, 1994]","[1995, 1999]","[2000, 2004]","[2005, 2009]","[2010, 2015]"
num_isolates,18,107,393,390,105
Z,94.44444444,76.63551402,67.17557252,74.87179487,80
N,0,0,0.254452926,0,0
T,0,2.803738318,4.325699746,3.333333333,2.857142857
S,5.555555556,14.01869159,23.15521628,16.66666667,10.47619048
D,0,2.803738318,0.254452926,2.051282051,0
E,0,0,1.272264631,0.512820513,0
K,0,2.803738318,2.798982188,1.282051282,3.80952381
R,0,0.934579439,0,0,0.952380952
H,0,0,0,0,0
Y,0,0,0,0,0
Q,0,0,0.254452926,0.256410256,1.904761905
I,0,0,0.254452926,0.769230769,0
L,0,0,0,0,0
V,0,0,0,0,0
A,0,0,0,0,0
C,0,0,0,0,0
F,0,0,0,0.256410256,0
G,0,0,0,0,0
M,0,0,0.254452926,0,0
P,0,0,0,0,0
W,0,0,0,0,0
